-- MySQL dump 10.13  Distrib 8.0.34, for macos13 (arm64)
--
-- Host: localhost    Database: fosdb
-- ------------------------------------------------------
-- Server version	8.1.0

/*!40101 SET @OLD_CHARACTER_SET_CLIENT=@@CHARACTER_SET_CLIENT */;
/*!40101 SET @OLD_CHARACTER_SET_RESULTS=@@CHARACTER_SET_RESULTS */;
/*!40101 SET @OLD_COLLATION_CONNECTION=@@COLLATION_CONNECTION */;
/*!50503 SET NAMES utf8 */;
/*!40103 SET @OLD_TIME_ZONE=@@TIME_ZONE */;
/*!40103 SET TIME_ZONE='+00:00' */;
/*!40014 SET @OLD_UNIQUE_CHECKS=@@UNIQUE_CHECKS, UNIQUE_CHECKS=0 */;
/*!40014 SET @OLD_FOREIGN_KEY_CHECKS=@@FOREIGN_KEY_CHECKS, FOREIGN_KEY_CHECKS=0 */;
/*!40101 SET @OLD_SQL_MODE=@@SQL_MODE, SQL_MODE='NO_AUTO_VALUE_ON_ZERO' */;
/*!40111 SET @OLD_SQL_NOTES=@@SQL_NOTES, SQL_NOTES=0 */;

--
-- Table structure for table `tbl_admin`
--

DROP TABLE IF EXISTS `tbl_admin`;
/*!40101 SET @saved_cs_client     = @@character_set_client */;
/*!50503 SET character_set_client = utf8mb4 */;
CREATE TABLE `tbl_admin` (
  `ID` int NOT NULL,
  `username` varchar(25) NOT NULL,
  `password` varchar(100) NOT NULL,
  PRIMARY KEY (`ID`)
) ENGINE=InnoDB DEFAULT CHARSET=latin1;
/*!40101 SET character_set_client = @saved_cs_client */;

--
-- Dumping data for table `tbl_admin`
--

LOCK TABLES `tbl_admin` WRITE;
/*!40000 ALTER TABLE `tbl_admin` DISABLE KEYS */;
INSERT INTO `tbl_admin` VALUES (0,'admin','1234abcd..');
/*!40000 ALTER TABLE `tbl_admin` ENABLE KEYS */;
UNLOCK TABLES;

--
-- Table structure for table `tbl_menu`
--

DROP TABLE IF EXISTS `tbl_menu`;
/*!40101 SET @saved_cs_client     = @@character_set_client */;
/*!50503 SET character_set_client = utf8mb4 */;
CREATE TABLE `tbl_menu` (
  `menuID` int NOT NULL AUTO_INCREMENT,
  `menuName` varchar(25) NOT NULL,
  PRIMARY KEY (`menuID`)
) ENGINE=InnoDB AUTO_INCREMENT=12 DEFAULT CHARSET=latin1;
/*!40101 SET character_set_client = @saved_cs_client */;

--
-- Dumping data for table `tbl_menu`
--

LOCK TABLES `tbl_menu` WRITE;
/*!40000 ALTER TABLE `tbl_menu` DISABLE KEYS */;
INSERT INTO `tbl_menu` VALUES (8,'Desayunos'),(9,'Carnes'),(10,'Bebidas'),(11,'Sopas');
/*!40000 ALTER TABLE `tbl_menu` ENABLE KEYS */;
UNLOCK TABLES;

--
-- Table structure for table `tbl_menuitem`
--

DROP TABLE IF EXISTS `tbl_menuitem`;
/*!40101 SET @saved_cs_client     = @@character_set_client */;
/*!50503 SET character_set_client = utf8mb4 */;
CREATE TABLE `tbl_menuitem` (
  `itemID` int NOT NULL AUTO_INCREMENT,
  `menuID` int NOT NULL,
  `menuItemName` text NOT NULL,
  `price` decimal(15,2) NOT NULL,
  PRIMARY KEY (`itemID`),
  KEY `menuID` (`menuID`)
) ENGINE=InnoDB AUTO_INCREMENT=40 DEFAULT CHARSET=latin1;
/*!40101 SET character_set_client = @saved_cs_client */;

--
-- Dumping data for table `tbl_menuitem`
--

LOCK TABLES `tbl_menuitem` WRITE;
/*!40000 ALTER TABLE `tbl_menuitem` DISABLE KEYS */;
INSERT INTO `tbl_menuitem` VALUES (17,8,'Huevos en Caserola',5000.00),(19,8,'Huevos Revueltos',5000.00),(20,8,'Carne en Bistec',6000.00),(21,8,'Calentado',6000.00),(22,9,'Filete de Pollo',6000.00),(23,9,'Filete de Carne',6000.00),(24,9,'Chuleta de Pollo',6000.00),(25,9,'Chuleta de Res',6000.00),(26,9,'Chuleta de Cerdo',6000.00),(27,9,'Res Asada',6000.00),(28,9,'Pollo Asado',6000.00),(29,9,'Pollo Frito',6000.00),(30,10,'Tinto',1000.00),(31,10,'Café con Leche',1200.00),(32,10,'Gaseosa 350 ML',2000.00),(33,10,'Gaseosa 200 ML',1500.00),(34,10,'Jugo Natural en Agua',4000.00),(35,10,'Jugo Natural en Leche',5000.00),(36,10,'Jugo de Naranja',3500.00),(37,11,'Cremas',3000.00),(38,11,'Sancocho',3000.00),(39,11,'Caldo de Costilla',3000.00);
/*!40000 ALTER TABLE `tbl_menuitem` ENABLE KEYS */;
UNLOCK TABLES;

--
-- Table structure for table `tbl_order`
--

DROP TABLE IF EXISTS `tbl_order`;
/*!40101 SET @saved_cs_client     = @@character_set_client */;
/*!50503 SET character_set_client = utf8mb4 */;
CREATE TABLE `tbl_order` (
  `orderID` int NOT NULL,
  `status` text NOT NULL,
  `total` decimal(15,2) DEFAULT NULL,
  `order_date` date NOT NULL,
  PRIMARY KEY (`orderID`)
) ENGINE=InnoDB DEFAULT CHARSET=latin1;
/*!40101 SET character_set_client = @saved_cs_client */;

--
-- Dumping data for table `tbl_order`
--

LOCK TABLES `tbl_order` WRITE;
/*!40000 ALTER TABLE `tbl_order` DISABLE KEYS */;
INSERT INTO `tbl_order` VALUES (1,'finish',1000.00,'2020-01-17'),(2,'finish',10000.00,'2020-01-17'),(3,'ready',11000.00,'2020-01-18'),(4,'cancelled',6000.00,'2020-01-18'),(5,'preparing',10000.00,'2020-01-25'),(6,'waiting',15500.00,'2020-01-25');
/*!40000 ALTER TABLE `tbl_order` ENABLE KEYS */;
UNLOCK TABLES;

--
-- Table structure for table `tbl_orderdetail`
--

DROP TABLE IF EXISTS `tbl_orderdetail`;
/*!40101 SET @saved_cs_client     = @@character_set_client */;
/*!50503 SET character_set_client = utf8mb4 */;
CREATE TABLE `tbl_orderdetail` (
  `orderID` int NOT NULL,
  `orderDetailID` int NOT NULL AUTO_INCREMENT,
  `itemID` int NOT NULL,
  `quantity` int NOT NULL,
  PRIMARY KEY (`orderDetailID`),
  KEY `itemID` (`itemID`),
  KEY `orderID` (`orderID`)
) ENGINE=InnoDB AUTO_INCREMENT=15 DEFAULT CHARSET=latin1;
/*!40101 SET character_set_client = @saved_cs_client */;

--
-- Dumping data for table `tbl_orderdetail`
--

LOCK TABLES `tbl_orderdetail` WRITE;
/*!40000 ALTER TABLE `tbl_orderdetail` DISABLE KEYS */;
INSERT INTO `tbl_orderdetail` VALUES (1,1,14,1),(2,2,13,1),(2,3,14,1),(2,4,15,1),(2,5,16,1),(3,6,25,1),(3,7,38,1),(3,8,32,1),(4,9,17,1),(4,10,30,1),(5,11,17,2),(6,12,23,1),(6,13,26,1),(6,14,36,1);
/*!40000 ALTER TABLE `tbl_orderdetail` ENABLE KEYS */;
UNLOCK TABLES;

--
-- Table structure for table `tbl_role`
--

DROP TABLE IF EXISTS `tbl_role`;
/*!40101 SET @saved_cs_client     = @@character_set_client */;
/*!50503 SET character_set_client = utf8mb4 */;
CREATE TABLE `tbl_role` (
  `role` text NOT NULL
) ENGINE=InnoDB DEFAULT CHARSET=latin1;
/*!40101 SET character_set_client = @saved_cs_client */;

--
-- Dumping data for table `tbl_role`
--

LOCK TABLES `tbl_role` WRITE;
/*!40000 ALTER TABLE `tbl_role` DISABLE KEYS */;
INSERT INTO `tbl_role` VALUES ('chef'),('Mesero');
/*!40000 ALTER TABLE `tbl_role` ENABLE KEYS */;
UNLOCK TABLES;

--
-- Table structure for table `tbl_staff`
--

DROP TABLE IF EXISTS `tbl_staff`;
/*!40101 SET @saved_cs_client     = @@character_set_client */;
/*!50503 SET character_set_client = utf8mb4 */;
CREATE TABLE `tbl_staff` (
  `staffID` int NOT NULL AUTO_INCREMENT,
  `username` varchar(25) NOT NULL,
  `password` varchar(100) NOT NULL,
  `status` text NOT NULL,
  `role` text NOT NULL,
  PRIMARY KEY (`staffID`)
) ENGINE=InnoDB AUTO_INCREMENT=10 DEFAULT CHARSET=latin1;
/*!40101 SET character_set_client = @saved_cs_client */;

--
-- Dumping data for table `tbl_staff`
--

LOCK TABLES `tbl_staff` WRITE;
/*!40000 ALTER TABLE `tbl_staff` DISABLE KEYS */;
INSERT INTO `tbl_staff` VALUES (1,'Juan','1234abcd..','Online','chef'),(4,'Pedro','1234abcd..','Online','Mesero'),(5,'Emily','1234abcd..','Online','chef'),(6,'Robert','1234abcd..','Online','chef'),(7,'Sofia','abc123','Offline','Mesero'),(9,'Marin','1234abcd..','Online','chef');
/*!40000 ALTER TABLE `tbl_staff` ENABLE KEYS */;
UNLOCK TABLES;
/*!40103 SET TIME_ZONE=@OLD_TIME_ZONE */;

/*!40101 SET SQL_MODE=@OLD_SQL_MODE */;
/*!40014 SET FOREIGN_KEY_CHECKS=@OLD_FOREIGN_KEY_CHECKS */;
/*!40014 SET UNIQUE_CHECKS=@OLD_UNIQUE_CHECKS */;
/*!40101 SET CHARACTER_SET_CLIENT=@OLD_CHARACTER_SET_CLIENT */;
/*!40101 SET CHARACTER_SET_RESULTS=@OLD_CHARACTER_SET_RESULTS */;
/*!40101 SET COLLATION_CONNECTION=@OLD_COLLATION_CONNECTION */;
/*!40111 SET SQL_NOTES=@OLD_SQL_NOTES */;

-- Dump completed on 2023-09-04 11:54:56
